[{"file":"bot/dlend-liquidator/contracts/aave-v3/FlashLoanLiquidatorAaveBase.sol","formulas":[{"formula":"\\mathsf{balanceOf}(collateralUnderlying, \\text{this}) - B\\text{\\textunderscore}{\\text{before}}","lineRange":{"end":133,"start":132}}]},{"file":"bot/dlend-liquidator/contracts/aave-v3/FlashLoanLiquidatorAaveBorrowRepayBase.sol","formulas":[{"formula":"\\frac{\\frac{(toRepay + p) \\cdot 10.0^{\\mathsf{decimals}(\\mathsf{ERC20}(actualCollateralToken))} \\cdot \\mathsf{getAssetPrice}(\\text{oracle}, borrowedUnderlying)}{\\mathsf{getAssetPrice}(\\text{oracle}, actualCollateralToken) \\cdot 10.0^{\\mathsf{decimals}(borrowedUnderlying)}} \\cdot (ONE\\text{\\textunderscore}HUNDRED\\text{\\textunderscore}PERCENT\\text{\\textunderscore}BPS + \\tau\\text{\\textunderscore}{\\text{slip}})}{ONE\\text{\\textunderscore}HUNDRED\\text{\\textunderscore}PERCENT\\text{\\textunderscore}BPS}","lineRange":{"end":216,"start":210}}]},{"file":"bot/dlend-liquidator/contracts/aave-v3/FlashMintLiquidatorAaveBase.sol","formulas":[{"formula":"\\mathsf{balanceOf}(collateralUnderlying, \\text{this}) - B\\text{\\textunderscore}{\\text{before}}","lineRange":{"end":135,"start":134}}]},{"file":"bot/dlend-liquidator/contracts/aave-v3/FlashMintLiquidatorAaveBorrowRepayBase.sol","formulas":[{"formula":"\\frac{\\frac{toRepay \\cdot 10.0^{\\mathsf{decimals}(\\mathsf{ERC20}(actualCollateralToken))} \\cdot \\mathsf{getAssetPrice}(\\text{oracle}, borrowedUnderlying)}{\\mathsf{getAssetPrice}(\\text{oracle}, actualCollateralToken) \\cdot 10.0^{\\mathsf{decimals}(borrowedUnderlying)}} \\cdot (ONE\\text{\\textunderscore}HUNDRED\\text{\\textunderscore}PERCENT\\text{\\textunderscore}BPS + \\tau\\text{\\textunderscore}{\\text{slip}})}{ONE\\text{\\textunderscore}HUNDRED\\text{\\textunderscore}PERCENT\\text{\\textunderscore}BPS}","lineRange":{"end":208,"start":202}}]},{"file":"bot/dlend-liquidator/contracts/debugging/Converter.sol","formulas":[{"formula":"\\frac{v}{2.0^{(8.0 \\cdot (19.0 - i))}}","lineRange":{"end":34,"start":34}},{"formula":"b - 16.0 \\cdot h\\text{\\textunderscore}i","lineRange":{"end":36,"start":36}}]},{"file":"contracts/common/SupportsWithdrawalFee.sol","formulas":[{"formula":"\\frac{A\\text{\\textunderscore}{\\text{asset}} \\cdot f\\text{\\textunderscore}{\\text{wd,bps}}}{ONE\\text{\\textunderscore}HUNDRED\\text{\\textunderscore}PERCENT\\text{\\textunderscore}BPS}","lineRange":{"end":64,"start":62}},{"formula":"\\frac{A\\text{\\textunderscore}{\\text{net}} \\cdot ONE\\text{\\textunderscore}HUNDRED\\text{\\textunderscore}PERCENT\\text{\\textunderscore}BPS}{(ONE\\text{\\textunderscore}HUNDRED\\text{\\textunderscore}PERCENT\\text{\\textunderscore}BPS - f\\text{\\textunderscore}{\\text{wd,bps}})}","lineRange":{"end":97,"start":96}}]},{"file":"contracts/dlend/core/dependencies/openzeppelin/contracts/SafeERC20.sol","formulas":[{"formula":"\\mathsf{allowance}(T, \\text{this}, spender) + v","lineRange":{"end":86,"start":86}}]},{"file":"contracts/dlend/core/misc/AaveProtocolDataProvider.sol","formulas":[{"formula":"\\mathsf{IERC20Detailed}(stableDebtTokenAddress) + \\mathsf{IERC20Detailed}(variableDebtTokenAddress)","lineRange":{"end":289,"start":288}}]},{"file":"contracts/dlend/core/misc/ZeroReserveInterestRateStrategy.sol","formulas":[{"formula":"R\\text{\\textunderscore}{v, \\text{base}} + m\\text{\\textunderscore}{v1} + m\\text{\\textunderscore}{\\text{variable}, 2}","lineRange":{"end":123,"start":123}}]},{"file":"contracts/dlend/core/protocol/libraries/logic/GenericLogic.sol","formulas":[{"formula":"D\\text{\\textunderscore}{\\text{user,total}} + \\mathsf{balanceOf}(\\mathsf{IERC20}(stableDebtTokenAddress), user)","lineRange":{"end":279,"start":277}},{"formula":"\\mathsf{rayMul}(\\mathsf{scaledBalanceOf}(\\mathsf{IScaledBalanceToken}(aTokenAddress), user), I\\text{\\textunderscore}{\\text{norm}}) \\cdot P\\text{\\textunderscore}{\\text{asset}}","lineRange":{"end":309,"start":306}}]},{"file":"contracts/dlend/core/protocol/libraries/logic/IsolationModeLogic.sol","formulas":[{"formula":"\\frac{A\\text{\\textunderscore}{\\text{repay}}}{10.0^{(\\mathsf{getDecimals}(reserveConfiguration) - DEBT\\text{\\textunderscore}CEILING\\text{\\textunderscore}DECIMALS)}}","lineRange":{"end":70,"start":67}}]},{"file":"contracts/dlend/core/protocol/libraries/logic/ReserveLogic.sol","formulas":[{"formula":"\\mathsf{rayMul}(\\mathsf{rayDiv}(\\mathsf{wadToRay}(A), \\mathsf{wadToRay}(L\\text{\\textunderscore}{\\text{total}})) + RAY, liquidityIndex)","lineRange":{"end":148,"start":147}}]},{"file":"contracts/dlend/core/protocol/libraries/logic/ValidationLogic.sol","formulas":[{"formula":"\\mathsf{IERC20}(stableDebtTokenAddress) + \\mathsf{IERC20}(variableDebtTokenAddress)","lineRange":{"end":496,"start":494}}]},{"file":"contracts/dlend/core/protocol/libraries/math/MathUtils.sol","formulas":[{"formula":"r \\cdot (timestamp - t\\text{\\textunderscore}{\\text{lastUpdate}})","lineRange":{"end":45,"start":44}},{"formula":"\\frac{\\mathsf{rayMul}(r, r)}{T\\text{\\textunderscore}{\\text{year}} \\cdot T\\text{\\textunderscore}{\\text{year}}}","lineRange":{"end":90,"start":89}},{"formula":"\\frac{\\mathsf{rayMul}(B^{2}, r)}{T\\text{\\textunderscore}{\\text{year}}}","lineRange":{"end":91,"start":91}},{"formula":"\\exp \\cdot e - 1 \\cdot B^{2}","lineRange":{"end":94,"start":94}},{"formula":"\\exp \\cdot e - 1 \\cdot e - 2 \\cdot b^3","lineRange":{"end":98,"start":98}},{"formula":"RAY + \\frac{r \\cdot \\exp}{T\\text{\\textunderscore}{\\text{year}}} + \\text{term}\\text{\\textunderscore}2 + \\text{term}\\text{\\textunderscore}3","lineRange":{"end":108,"start":104}}]},{"file":"contracts/dlend/core/protocol/pool/DefaultReserveInterestRateStrategy.sol","formulas":[{"formula":"R\\text{\\textunderscore}{v, \\text{base}} + m\\text{\\textunderscore}{v1} + m\\text{\\textunderscore}{\\text{variable}, 2}","lineRange":{"end":174,"start":174}},{"formula":"\\mathsf{rayDiv}(borrowUsageRatio - U\\text{\\textunderscore}{\\text{optimal}}, U\\text{\\textunderscore}{\\text{excess}, \\text{max}})","lineRange":{"end":223,"start":222}},{"formula":"\\mathsf{rayDiv}(stableToTotalDebtRatio - R\\text{\\textunderscore}{\\text{opt, stable}}, R\\text{\\textunderscore}{\\text{max, excess}})","lineRange":{"end":245,"start":243}},{"formula":"\\mathsf{rayDiv}(r\\text{\\textunderscore}{\\text{var,w}} + r\\text{\\textunderscore}{\\text{stable}, w}, \\mathsf{wadToRay}(D\\text{\\textunderscore}{\\text{total}}))","lineRange":{"end":296,"start":295}}]},{"file":"contracts/dlend/core/protocol/tokenization/StableDebtToken.sol","formulas":[{"formula":"\\mathsf{rayDiv}(firstTerm - \\text{term}\\text{\\textunderscore}2, \\mathsf{wadToRay}(S\\text{\\textunderscore}{\\text{next}}))","lineRange":{"end":266,"start":265}},{"formula":"\\mathsf{rayDiv}(firstTerm - \\text{term}\\text{\\textunderscore}2, \\mathsf{wadToRay}(S\\text{\\textunderscore}{\\text{next}}))","lineRange":{"end":266,"start":265}}]},{"file":"contracts/dlend/periphery/adapters/curve/BaseCurveBuyAdapter.sol","formulas":[{"formula":"\\frac{A\\text{\\textunderscore}{\\text{est, in}} \\cdot (ONE\\text{\\textunderscore}HUNDRED\\text{\\textunderscore}PERCENT\\text{\\textunderscore}BPS + B\\text{\\textunderscore}{\\text{slippage}})}{ONE\\text{\\textunderscore}HUNDRED\\text{\\textunderscore}PERCENT\\text{\\textunderscore}BPS}","lineRange":{"end":85,"start":81}}]},{"file":"contracts/dlend/periphery/adapters/curve/BaseCurveSwapAdapter.sol","formulas":[{"formula":"\\mathsf{balanceOf}(\\mathsf{IERC20}(aToken), \\text{this}) - B\\text{\\textunderscore}{\\text{aT, before}}","lineRange":{"end":109,"start":108}}]},{"file":"contracts/dlend/periphery/adapters/curve/CurveLiquiditySwapAdapter.sol","formulas":[{"formula":"\\mathsf{_sellOnCurve}(\\mathsf{IERC20Detailed}(A\\text{\\textunderscore}{\\text{flash}}), \\mathsf{IERC20Detailed}(newCollateralAsset), a\\text{\\textunderscore}{\\text{FL}} - \\Pi\\text{\\textunderscore}{\\text{flash}}, newCollateralAmount, route, swapParams)","lineRange":{"end":152,"start":145}}]},{"file":"contracts/dlend/periphery/adapters/odos/BaseOdosBuyAdapter.sol","formulas":[{"formula":"\\frac{A\\text{\\textunderscore}{\\text{swap,max}} \\cdot (ONE\\text{\\textunderscore}HUNDRED\\text{\\textunderscore}PERCENT\\text{\\textunderscore}BPS + B\\text{\\textunderscore}{\\text{slippage}})}{ONE\\text{\\textunderscore}HUNDRED\\text{\\textunderscore}PERCENT\\text{\\textunderscore}BPS}","lineRange":{"end":87,"start":84}},{"formula":"B\\text{\\textunderscore}{\\text{before, from}} - \\mathsf{balanceOf}(A\\text{\\textunderscore}{\\text{from}}, \\text{this})","lineRange":{"end":106,"start":105}}]},{"file":"contracts/dlend/periphery/adapters/odos/BaseOdosSwapAdapter.sol","formulas":[{"formula":"\\mathsf{balanceOf}(\\mathsf{IERC20}(aToken), \\text{this}) - B\\text{\\textunderscore}{\\text{aT, before}}","lineRange":{"end":109,"start":108}}]},{"file":"contracts/dlend/periphery/adapters/odos/OdosLiquiditySwapAdapter.sol","formulas":[{"formula":"\\mathsf{_sellOnOdos}(\\mathsf{IERC20Detailed}(A\\text{\\textunderscore}{\\text{flash}}), \\mathsf{IERC20Detailed}(newCollateralAsset), a\\text{\\textunderscore}{\\text{FL}} - \\Pi\\text{\\textunderscore}{\\text{flash}}, newCollateralAmount, swapData)","lineRange":{"end":151,"start":145}}]},{"file":"contracts/dlend/periphery/rewards/RewardsDistributor.sol","formulas":[{"formula":"B\\text{\\textunderscore}{\\text{user}} \\cdot (i\\text{\\textunderscore}{\\text{reserve}} - I\\text{\\textunderscore}{\\text{user}})","lineRange":{"end":550,"start":550}},{"formula":"E\\text{\\textunderscore}{\\text{sec}} \\cdot \\Delta t \\cdot U\\text{\\textunderscore}{\\text{asset}}","lineRange":{"end":587,"start":587}}]},{"file":"contracts/dlend/periphery/treasury/libs/SafeERC20.sol","formulas":[{"formula":"\\mathsf{allowance}(T, \\text{this}, spender) + v","lineRange":{"end":86,"start":86}}]},{"file":"contracts/dstable/AmoManager.sol","formulas":[{"formula":"V\\text{\\textunderscore}{\\text{total, base}} + \\mathsf{IAmoVault}(vaultAddress)","lineRange":{"end":282,"start":276}},{"formula":"\\Pi\\text{\\textunderscore}{\\text{total}} + \\mathsf{availableVaultProfitsInBase}(vaultAddress)","lineRange":{"end":452,"start":451}},{"formula":"\\frac{V\\text{\\textunderscore}{\\text{base}} \\cdot 10.0^{dec\\text{\\textunderscore}{\\text{dStable}}}}{\\mathsf{getAssetPrice}(\\text{oracle}, \\text{dStable})}","lineRange":{"end":472,"start":471}},{"formula":"\\frac{A\\text{\\textunderscore}{\\text{dStable}} \\cdot \\mathsf{getAssetPrice}(\\text{oracle}, \\text{dStable})}{10.0^{dec\\text{\\textunderscore}{\\text{dStable}}}}","lineRange":{"end":486,"start":485}}]},{"file":"contracts/dstable/CollateralHolderVault.sol","formulas":[{"formula":"\\frac{P\\text{\\textunderscore}{\\text{fromCollateral}} \\cdot C\\text{\\textunderscore}{\\text{from}}}{10.0^{d\\text{\\textunderscore}{\\text{fromCollateral}}}}","lineRange":{"end":140,"start":139}},{"formula":"\\frac{V\\text{\\textunderscore}{\\text{fromCollateral, base}} \\cdot 10.0^{d\\text{\\textunderscore}{\\text{toCollateral}}}}{P\\text{\\textunderscore}{\\text{toCollateral}}}","lineRange":{"end":144,"start":143}}]},{"file":"contracts/dstable/CollateralVault.sol","formulas":[{"formula":"\\frac{P\\text{\\textunderscore}{\\text{asset}} \\cdot A\\text{\\textunderscore}{\\text{asset}}}{10.0^{d\\text{\\textunderscore}{\\text{asset}}}}","lineRange":{"end":161,"start":161}},{"formula":"\\frac{V\\text{\\textunderscore}{\\text{base}} \\cdot 10.0^{d\\text{\\textunderscore}{\\text{asset}}}}{P\\text{\\textunderscore}{\\text{asset}}}","lineRange":{"end":176,"start":176}},{"formula":"\\frac{P\\text{\\textunderscore}{\\text{coll}} \\cdot \\mathsf{balanceOf}(\\mathsf{IERC20Metadata}(C), \\text{this})}{10.0^{d\\text{\\textunderscore}{\\text{collateral}}}}","lineRange":{"end":257,"start":255}}]},{"file":"contracts/dstable/Issuer.sol","formulas":[{"formula":"\\frac{\\mathsf{getAssetPrice}(\\text{oracle}, A\\text{\\textunderscore}{\\text{collateral}}) \\cdot A\\text{\\textunderscore}{\\text{collateral}}}{10.0^{d\\text{\\textunderscore}{\\text{collateral}}}}","lineRange":{"end":115,"start":114}},{"formula":"\\frac{V\\text{\\textunderscore}{\\text{base}} \\cdot 10.0^{dec\\text{\\textunderscore}{\\text{dStable}}}}{U\\text{\\textunderscore}{\\text{base}}}","lineRange":{"end":202,"start":202}}]},{"file":"contracts/dstable/Redeemer.sol","formulas":[{"formula":"\\frac{A\\text{\\textunderscore}{\\text{dStable}} \\cdot U\\text{\\textunderscore}{\\text{base}}}{10.0^{dec\\text{\\textunderscore}{\\text{dStable}}}}","lineRange":{"end":112,"start":112}}]},{"file":"contracts/dstable/RedeemerWithFees.sol","formulas":[{"formula":"\\frac{C\\text{\\textunderscore}{\\text{total}} \\cdot f\\text{\\textunderscore}{\\text{curr,bps}}}{ONE\\text{\\textunderscore}HUNDRED\\text{\\textunderscore}PERCENT\\text{\\textunderscore}BPS}","lineRange":{"end":152,"start":151}},{"formula":"\\frac{A\\text{\\textunderscore}{\\text{dStable}} \\cdot U\\text{\\textunderscore}{\\text{base}}}{10.0^{dec\\text{\\textunderscore}{\\text{dStable}}}}","lineRange":{"end":256,"start":256}}]},{"file":"contracts/dstable/mocks/MockAmoVault.sol","formulas":[{"formula":"\\mathsf{_totalValueOfSupportedCollaterals}() + V\\text{\\textunderscore}{\\text{collateral,fake}}","lineRange":{"end":50,"start":50}},{"formula":"\\frac{B\\text{\\textunderscore}{\\text{dStable}} \\cdot P\\text{\\textunderscore}{\\text{dStable}}}{10.0^{dec\\text{\\textunderscore}{\\text{dStable}}}}","lineRange":{"end":58,"start":57}},{"formula":"\\mathsf{totalCollateralValue}() + \\mathsf{totalDstableValue}()","lineRange":{"end":64,"start":64}}]},{"file":"contracts/mocks/MockCurveStableSwapNG.sol","formulas":[{"formula":"\\frac{dx \\cdot f}{D\\text{\\textunderscore}{\\text{fee}}}","lineRange":{"end":369,"start":369}}]},{"file":"contracts/mocks/MockERC4626Simple.sol","formulas":[{"formula":"\\frac{S \\cdot BPS\\text{\\textunderscore}{\\text{bonus}}}{\\text{BASIS\\\\text{\\textunderscore}POINTS}}","lineRange":{"end":28,"start":28}},{"formula":"\\frac{(A \\cdot \\text{BASIS\\\\text{\\textunderscore}POINTS} + BPS\\text{\\textunderscore}{\\text{bonus}} - 1.0)}{BPS\\text{\\textunderscore}{\\text{bonus}}}","lineRange":{"end":33,"start":33}}]},{"file":"contracts/oracle_aggregator/interface/api3/BaseAPI3Wrapper.sol","formulas":[{"formula":"\\frac{P \\cdot U\\text{\\textunderscore}{\\text{base}}}{U\\text{\\textunderscore}{\\text{API3, base}}}","lineRange":{"end":83,"start":83}}]},{"file":"contracts/oracle_aggregator/interface/chainlink/BaseChainlinkWrapper.sol","formulas":[{"formula":"\\frac{P \\cdot U\\text{\\textunderscore}{\\text{base}}}{CHAINLINK\\text{\\textunderscore}BASE\\text{\\textunderscore}CURRENCY\\text{\\textunderscore}UNIT}","lineRange":{"end":101,"start":101}}]},{"file":"contracts/oracle_aggregator/wrapper/API3CompositeWrapperWithThresholding.sol","formulas":[{"formula":"\\frac{P\\text{\\textunderscore}{\\text{base}, 1} \\cdot P\\text{\\textunderscore}{\\text{base},2}}{U\\text{\\textunderscore}{\\text{base}}}","lineRange":{"end":168,"start":168}}]},{"file":"contracts/oracle_aggregator/wrapper/RedstoneChainlinkCompositeWrapperWithThresholding.sol","formulas":[{"formula":"\\frac{P\\text{\\textunderscore}{\\text{base}, 1} \\cdot P\\text{\\textunderscore}{\\text{base},2}}{U\\text{\\textunderscore}{\\text{base}}}","lineRange":{"end":167,"start":167}}]},{"file":"contracts/testing/dex/SimpleDEXMock.sol","formulas":[{"formula":"A\\text{\\textunderscore}{\\text{in}} \\cdot 10.0^{(18.0 - d\\text{\\textunderscore}{\\text{in}})}","lineRange":{"end":379,"start":379}},{"formula":"\\frac{A\\text{\\textunderscore}{\\text{in}}}{10.0^{(d\\text{\\textunderscore}{\\text{in}} - 18.0)}}","lineRange":{"end":381,"start":381}},{"formula":"\\frac{I\\text{\\textunderscore}{\\text{norm}} \\cdot r}{1.0e18}","lineRange":{"end":385,"start":385}},{"formula":"\\frac{O\\text{\\textunderscore}{\\text{norm}}}{10.0^{(18.0 - d\\text{\\textunderscore}{\\text{out}})}}","lineRange":{"end":389,"start":389}},{"formula":"O\\text{\\textunderscore}{\\text{norm}} \\cdot 10.0^{(d\\text{\\textunderscore}{\\text{out}} - 18.0)}","lineRange":{"end":391,"start":391}},{"formula":"A\\text{\\textunderscore}{\\text{out}} \\cdot 10.0^{(18.0 - d\\text{\\textunderscore}{\\text{out}})}","lineRange":{"end":416,"start":416}},{"formula":"\\frac{A\\text{\\textunderscore}{\\text{out}}}{10.0^{(d\\text{\\textunderscore}{\\text{out}} - 18.0)}}","lineRange":{"end":418,"start":418}},{"formula":"\\frac{O\\text{\\textunderscore}{\\text{norm}} \\cdot 1.0e18}{r}","lineRange":{"end":422,"start":422}},{"formula":"\\frac{I\\text{\\textunderscore}{\\text{norm}}}{10.0^{(18.0 - d\\text{\\textunderscore}{\\text{in}})}}","lineRange":{"end":426,"start":426}},{"formula":"I\\text{\\textunderscore}{\\text{norm}} \\cdot 10.0^{(d\\text{\\textunderscore}{\\text{in}} - 18.0)}","lineRange":{"end":428,"start":428}},{"formula":"\\frac{A \\cdot (ONE\\text{\\textunderscore}HUNDRED\\text{\\textunderscore}PERCENT\\text{\\textunderscore}BPS - s\\text{\\textunderscore}{\\text{exec}})}{ONE\\text{\\textunderscore}HUNDRED\\text{\\textunderscore}PERCENT\\text{\\textunderscore}BPS}","lineRange":{"end":453,"start":450}},{"formula":"\\frac{A\\text{\\textunderscore}{\\text{target}} \\cdot ONE\\text{\\textunderscore}HUNDRED\\text{\\textunderscore}PERCENT\\text{\\textunderscore}BPS}{(ONE\\text{\\textunderscore}HUNDRED\\text{\\textunderscore}PERCENT\\text{\\textunderscore}BPS - s\\text{\\textunderscore}{\\text{exec}})}","lineRange":{"end":474,"start":471}}]},{"file":"contracts/testing/dstake/MockUnderDeliveringAdapter.sol","formulas":[{"formula":"\\frac{A\\text{\\textunderscore}{\\text{dStable}} \\cdot f\\text{\\textunderscore}{\\text{bps}}}{10000.0}","lineRange":{"end":50,"start":50}}]},{"file":"contracts/vaults/atoken_wrapper/RayMathExplicitRounding.sol","formulas":[{"formula":"\\frac{a \\cdot b}{\\text{RAY}}","lineRange":{"end":24,"start":24}},{"formula":"\\frac{(a \\cdot b + \\text{RAY} - 1.0)}{\\text{RAY}}","lineRange":{"end":34,"start":34}},{"formula":"\\frac{a \\cdot \\text{RAY}}{b}","lineRange":{"end":41,"start":41}},{"formula":"\\frac{(a \\cdot \\text{RAY} + b - 1.0)}{b}","lineRange":{"end":48,"start":48}}]},{"file":"contracts/vaults/atoken_wrapper/StaticATokenLM.sol","formulas":[{"formula":"\\mathsf{balanceOf}(\\mathsf{IERC20}(R), \\text{this}) + R\\text{\\textunderscore}{\\text{fresh}}","lineRange":{"end":338,"start":338}},{"formula":"\\mathsf{getSupplyCap}(configuration) \\cdot 10.0^{\\mathsf{getDecimals}(configuration)}","lineRange":{"end":450,"start":448}},{"formula":"\\mathsf{rayMulRoundUp}(\\mathsf{scaledTotalSupply}(\\mathsf{IAToken}(aTokenAddress)) + accruedToTreasury, \\mathsf{_getNormalizedIncome}(reserveData))","lineRange":{"end":457,"start":454}},{"formula":"\\frac{B \\cdot (I\\text{\\textunderscore}{\\text{rewards, current}} - I\\text{\\textunderscore}{\\text{rewards,last}})}{U\\text{\\textunderscore}{\\text{asset}}}","lineRange":{"end":730,"start":728}}]},{"file":"contracts/vaults/dloop/core/DLoopCoreBase.sol","formulas":[{"formula":"\\frac{A \\cdot L\\text{\\textunderscore}{\\text{target}}}{ONE\\text{\\textunderscore}HUNDRED\\text{\\textunderscore}PERCENT\\text{\\textunderscore}BPS}","lineRange":{"end":561,"start":560}},{"formula":"\\frac{A\\text{\\textunderscore}{\\text{leveraged}} \\cdot ONE\\text{\\textunderscore}HUNDRED\\text{\\textunderscore}PERCENT\\text{\\textunderscore}BPS}{L\\text{\\textunderscore}{\\text{target}}}","lineRange":{"end":574,"start":573}},{"formula":"\\frac{A\\text{\\textunderscore}{\\text{in, base}} \\cdot 10.0^{\\mathsf{decimals}(\\mathsf{ERC20}(T))}}{P\\text{\\textunderscore}{\\text{token, base}}}","lineRange":{"end":608,"start":608}},{"formula":"\\frac{a\\text{\\textunderscore}{T\\text{\\textunderscore}{\\text{in}}} \\cdot P\\text{\\textunderscore}{\\text{token, base}}}{10.0^{\\mathsf{decimals}(\\mathsf{ERC20}(T))}}","lineRange":{"end":624,"start":624}},{"formula":"\\frac{A\\text{\\textunderscore}{\\text{withdraw,target,base}} \\cdot (L\\text{\\textunderscore}{\\text{beforeRepay}} - ONE\\text{\\textunderscore}HUNDRED\\text{\\textunderscore}PERCENT\\text{\\textunderscore}BPS)}{L\\text{\\textunderscore}{\\text{beforeRepay}}}","lineRange":{"end":985,"start":982}},{"formula":"\\frac{A\\text{\\textunderscore}{C, \\text{base}} \\cdot (L\\text{\\textunderscore}{\\text{beforeSupply}} - ONE\\text{\\textunderscore}HUNDRED\\text{\\textunderscore}PERCENT\\text{\\textunderscore}BPS)}{L\\text{\\textunderscore}{\\text{beforeSupply}}}","lineRange":{"end":1049,"start":1046}},{"formula":"\\frac{(L\\text{\\textunderscore}{\\text{target, exp}} \\cdot (C\\text{\\textunderscore}{\\text{total,base}} - D\\text{\\textunderscore}{\\text{total, base}}) - C\\text{\\textunderscore}{\\text{total,base}} \\cdot ONE\\text{\\textunderscore}HUNDRED\\text{\\textunderscore}PERCENT\\text{\\textunderscore}BPS)}{(ONE\\text{\\textunderscore}HUNDRED\\text{\\textunderscore}PERCENT\\text{\\textunderscore}BPS + \\frac{L\\text{\\textunderscore}{\\text{target, exp}} \\cdot S\\text{\\textunderscore}{\\text{subsidy}}}{ONE\\text{\\textunderscore}HUNDRED\\text{\\textunderscore}PERCENT\\text{\\textunderscore}BPS})}","lineRange":{"end":1102,"start":1096}},{"formula":"\\frac{(C\\text{\\textunderscore}{\\text{total,base}} \\cdot ONE\\text{\\textunderscore}HUNDRED\\text{\\textunderscore}PERCENT\\text{\\textunderscore}BPS - L\\text{\\textunderscore}{\\text{target, exp}} \\cdot (C\\text{\\textunderscore}{\\text{total,base}} - D\\text{\\textunderscore}{\\text{total, base}}))}{(ONE\\text{\\textunderscore}HUNDRED\\text{\\textunderscore}PERCENT\\text{\\textunderscore}BPS + \\frac{L\\text{\\textunderscore}{\\text{target, exp}} \\cdot S\\text{\\textunderscore}{\\text{subsidy}}}{ONE\\text{\\textunderscore}HUNDRED\\text{\\textunderscore}PERCENT\\text{\\textunderscore}BPS})}","lineRange":{"end":1178,"start":1172}},{"formula":"\\frac{C\\text{\\textunderscore}{\\text{required}} \\cdot (ONE\\text{\\textunderscore}HUNDRED\\text{\\textunderscore}PERCENT\\text{\\textunderscore}BPS + S\\text{\\textunderscore}{\\text{subsidy}})}{ONE\\text{\\textunderscore}HUNDRED\\text{\\textunderscore}PERCENT\\text{\\textunderscore}BPS}","lineRange":{"end":1473,"start":1471}},{"formula":"\\frac{(C\\text{\\textunderscore}{\\text{total,base}} + C\\text{\\textunderscore}{\\text{required}}) \\cdot ONE\\text{\\textunderscore}HUNDRED\\text{\\textunderscore}PERCENT\\text{\\textunderscore}BPS}{(C\\text{\\textunderscore}{\\text{total,base}} + C\\text{\\textunderscore}{\\text{required}} - D\\text{\\textunderscore}{\\text{total, base}} - D\\text{\\textunderscore}{\\text{borrowed}})}","lineRange":{"end":1482,"start":1476}},{"formula":"\\frac{a\\text{\\textunderscore}{D, \\text{req,base}} \\cdot (ONE\\text{\\textunderscore}HUNDRED\\text{\\textunderscore}PERCENT\\text{\\textunderscore}BPS + S\\text{\\textunderscore}{\\text{subsidy}})}{ONE\\text{\\textunderscore}HUNDRED\\text{\\textunderscore}PERCENT\\text{\\textunderscore}BPS}","lineRange":{"end":1608,"start":1606}},{"formula":"\\frac{(C\\text{\\textunderscore}{\\text{total,base}} - A\\text{\\textunderscore}{\\text{withdraw, base}}) \\cdot ONE\\text{\\textunderscore}HUNDRED\\text{\\textunderscore}PERCENT\\text{\\textunderscore}BPS}{(C\\text{\\textunderscore}{\\text{total,base}} - A\\text{\\textunderscore}{\\text{withdraw, base}} - D\\text{\\textunderscore}{\\text{total, base}} + a\\text{\\textunderscore}{D, \\text{req,base}})}","lineRange":{"end":1617,"start":1611}},{"formula":"\\frac{C\\text{\\textunderscore}{\\text{total,base}} \\cdot ONE\\text{\\textunderscore}HUNDRED\\text{\\textunderscore}PERCENT\\text{\\textunderscore}BPS}{(C\\text{\\textunderscore}{\\text{total,base}} - D\\text{\\textunderscore}{\\text{total, base}})}","lineRange":{"end":1693,"start":1691}},{"formula":"\\frac{(L\\text{\\textunderscore}{\\text{current}} - L\\text{\\textunderscore}{\\text{target}}) \\cdot ONE\\text{\\textunderscore}HUNDRED\\text{\\textunderscore}PERCENT\\text{\\textunderscore}BPS}{L\\text{\\textunderscore}{\\text{target}}}","lineRange":{"end":1712,"start":1710}},{"formula":"\\frac{(L\\text{\\textunderscore}{\\text{target}} - L\\text{\\textunderscore}{\\text{current}}) \\cdot ONE\\text{\\textunderscore}HUNDRED\\text{\\textunderscore}PERCENT\\text{\\textunderscore}BPS}{L\\text{\\textunderscore}{\\text{target}}}","lineRange":{"end":1717,"start":1715}}]},{"file":"contracts/vaults/dloop/core/venue/mock/DLoopCoreMock.sol","formulas":[{"formula":"\\frac{A \\cdot p\\text{\\textunderscore}{\\text{transfer, bps}}}{ONE\\text{\\textunderscore}HUNDRED\\text{\\textunderscore}PERCENT\\text{\\textunderscore}BPS}","lineRange":{"end":184,"start":182}},{"formula":"\\frac{A \\cdot p\\text{\\textunderscore}{\\text{transfer, bps}}}{ONE\\text{\\textunderscore}HUNDRED\\text{\\textunderscore}PERCENT\\text{\\textunderscore}BPS}","lineRange":{"end":229,"start":227}},{"formula":"\\frac{A \\cdot p\\text{\\textunderscore}{\\text{transfer, bps}}}{ONE\\text{\\textunderscore}HUNDRED\\text{\\textunderscore}PERCENT\\text{\\textunderscore}BPS}","lineRange":{"end":262,"start":260}},{"formula":"\\frac{A \\cdot p\\text{\\textunderscore}{\\text{transfer, bps}}}{ONE\\text{\\textunderscore}HUNDRED\\text{\\textunderscore}PERCENT\\text{\\textunderscore}BPS}","lineRange":{"end":304,"start":302}},{"formula":"10.0^{\\mathsf{decimals}(\\mathsf{ERC20}(T))}","lineRange":{"end":351,"start":351}},{"formula":"\\frac{A \\cdot P}{U\\text{\\textunderscore}{\\text{asset}}}","lineRange":{"end":352,"start":352}},{"formula":"10.0^{\\mathsf{decimals}(\\mathsf{ERC20}(T))}","lineRange":{"end":363,"start":363}},{"formula":"\\frac{A \\cdot P}{U\\text{\\textunderscore}{\\text{asset}}}","lineRange":{"end":364,"start":364}}]},{"file":"contracts/vaults/dloop/periphery/DLoopDecreaseLeverageBase.sol","formulas":[{"formula":"requiredDebtAmount - additionalDebtFromUser - \\mathsf{balanceOf}(T\\text{\\textunderscore}{\\text{debt}}, \\text{this})","lineRange":{"end":419,"start":417}}]},{"file":"contracts/vaults/dloop/periphery/DLoopDepositorBase.sol","formulas":[{"formula":"\\frac{S\\text{\\textunderscore}{\\text{expected}} \\cdot (ONE\\text{\\textunderscore}HUNDRED\\text{\\textunderscore}PERCENT\\text{\\textunderscore}BPS - S\\text{\\textunderscore}{\\text{bps}})}{ONE\\text{\\textunderscore}HUNDRED\\text{\\textunderscore}PERCENT\\text{\\textunderscore}BPS}","lineRange":{"end":178,"start":176}},{"formula":"\\frac{(S\\text{\\textunderscore}{\\text{est}} - S\\text{\\textunderscore}{\\text{min}}) \\cdot ONE\\text{\\textunderscore}HUNDRED\\text{\\textunderscore}PERCENT\\text{\\textunderscore}BPS}{S\\text{\\textunderscore}{\\text{est}}}","lineRange":{"end":240,"start":238}},{"formula":"\\frac{\\mathsf{getLeveragedAssets}(\\text{dLoopCore}, A) \\cdot (ONE\\text{\\textunderscore}HUNDRED\\text{\\textunderscore}PERCENT\\text{\\textunderscore}BPS - S\\text{\\textunderscore}{\\text{est, bps}})}{ONE\\text{\\textunderscore}HUNDRED\\text{\\textunderscore}PERCENT\\text{\\textunderscore}BPS}","lineRange":{"end":291,"start":286}}]},{"file":"contracts/vaults/dloop/periphery/DLoopIncreaseLeverageBase.sol","formulas":[{"formula":"C\\text{\\textunderscore}{\\text{add, user}} + \\mathsf{balanceOf}(T\\text{\\textunderscore}{\\text{coll}}, \\text{this})","lineRange":{"end":188,"start":187}},{"formula":"requiredCollateralAmount - additionalCollateralFromUser - \\mathsf{balanceOf}(T\\text{\\textunderscore}{\\text{coll}}, \\text{this})","lineRange":{"end":313,"start":310}}]},{"file":"contracts/vaults/dloop/periphery/DLoopRedeemerBase.sol","formulas":[{"formula":"\\frac{C\\text{\\textunderscore}{\\text{unleveraged}} \\cdot (ONE\\text{\\textunderscore}HUNDRED\\text{\\textunderscore}PERCENT\\text{\\textunderscore}BPS - S\\text{\\textunderscore}{\\text{bps}})}{ONE\\text{\\textunderscore}HUNDRED\\text{\\textunderscore}PERCENT\\text{\\textunderscore}BPS}","lineRange":{"end":171,"start":169}}]},{"file":"contracts/vaults/dpool/periphery/DPoolCurvePeriphery.sol","formulas":[{"formula":"\\frac{LP\\text{\\textunderscore}{\\text{exp}} \\cdot (ONE\\text{\\textunderscore}HUNDRED\\text{\\textunderscore}PERCENT\\text{\\textunderscore}BPS - s\\text{\\textunderscore}{\\text{max}})}{ONE\\text{\\textunderscore}HUNDRED\\text{\\textunderscore}PERCENT\\text{\\textunderscore}BPS}","lineRange":{"end":128,"start":126}},{"formula":"\\frac{A\\text{\\textunderscore}{\\text{expected}} \\cdot (ONE\\text{\\textunderscore}HUNDRED\\text{\\textunderscore}PERCENT\\text{\\textunderscore}BPS - s\\text{\\textunderscore}{\\text{max}})}{ONE\\text{\\textunderscore}HUNDRED\\text{\\textunderscore}PERCENT\\text{\\textunderscore}BPS}","lineRange":{"end":179,"start":177}}]},{"file":"contracts/vaults/dstake/DStakeCollateralVault.sol","formulas":[{"formula":"V\\text{\\textunderscore}{\\text{total}} + \\mathsf{assetValueInDStable}(\\mathsf{IDStableConversionAdapter}(adapterAddress), A\\text{\\textunderscore}{\\text{vault}}, B)","lineRange":{"end":81,"start":80}}]},{"file":"contracts/vaults/dstake/DStakeRouterDLend.sol","formulas":[{"formula":"\\mathsf{balanceOf}(\\mathsf{IERC20}(A\\text{\\textunderscore}{\\text{vault,exp}}), V\\text{\\textunderscore}{\\text{collateral}}) - B\\text{\\textunderscore}{\\text{before}}","lineRange":{"end":178,"start":177}}]},{"file":"contracts/vaults/rewards_claimable/RewardClaimable.sol","formulas":[{"formula":"\\frac{A \\cdot f\\text{\\textunderscore}{\\text{treasury}}}{ONE\\text{\\textunderscore}HUNDRED\\text{\\textunderscore}PERCENT\\text{\\textunderscore}BPS}","lineRange":{"end":184,"start":183}}]}]