[
  {
    "terms": [
      "Liquidity Provider"
    ],
    "definition": "# Liquidity Provider\n\nA **Liquidity Provider** (LP) is a participant who deposits pairs of assets into decentralized exchange liquidity pools to enable trading between those assets. In the dTRINITY ecosystem, LPs deposit tokens into pools (like Curve's stablecoin pools) by calling functions such as `add_liquidity()`. In return, they receive LP tokens representing their proportional share of the pool.\n\nThe core mechanics are visible in the implementation:\n\n```solidity\n// From MockCurveStableSwapNG.sol\nfunction _add_liquidity(\n    uint256[] calldata amounts,\n    uint256 min_mint_amount,\n    address receiver\n) internal returns (uint256) {\n    // Transfers tokens from the LP\n    IERC20(coins[i]).safeTransferFrom(msg.sender, address(this), amounts[i]);\n    // Updates pool balances\n    balances[i] += amounts[i];\n    // Mints LP tokens to the provider\n    _mint(receiver, mint_amount);\n    return mint_amount;\n}\n```\n\nLPs earn rewards through trading fees generated when other users swap between the pooled assets. They can redeem their LP tokens later to withdraw their share of the pool, which may have grown due to accumulated fees.\n\nWhile providing liquidity can generate passive income, LPs face risks such as impermanent loss if the relative prices of the pooled assets change significantly between deposit and withdrawal."
  },
  {
    "terms": [
      "Volatility"
    ],
    "definition": "# Volatility\n\nIn the dTRINITY protocol, \"volatility\" refers to the degree of price fluctuation that assets experience over time. The codebase specifically addresses volatility through specialized interest rate strategies like `rateStrategyMediumLiquidityVolatile` and `rateStrategyHighLiquidityVolatile`, which are configured with different parameters to handle assets prone to significant price changes.\n\nThese strategies incorporate steeper interest rate curves with higher slope values (especially `variableRateSlope2`) to compensate lenders for the increased risk associated with volatile assets. For example, in both volatile strategies, the `variableRateSlope2` is set to a substantial 1.97 (in base 27), indicating a rapid increase in interest rates as utilization exceeds the optimal ratio.\n\nVolatile assets require this special treatment because their price instability increases liquidation risks, potential losses, and market uncertainty. The protocol uses different optimal usage ratios (\"kinks\") for different volatility profiles (0.4 for medium liquidity volatile assets versus 0.5 for high liquidity volatile ones), demonstrating how volatility directly influences core lending parameters."
  },
  {
    "terms": [
      "Arbitrage"
    ],
    "definition": "# Arbitrage\n\nArbitrage is a trading strategy that capitalizes on price differences of the same asset across different markets to generate risk-free profits. In DeFi and the dTRINITY protocol context, it involves buying tokens where they're priced lower and simultaneously selling them where they're priced higher.\n\nThe codebase supports arbitrage through several mechanisms:\n\n1. **Exchange Interfaces**: The `ICurveStableSwapNG.sol` interface provides methods like `exchange()` that enable swapping between assets, potentially across different pools with varying prices.\n\n2. **Rebalancing Logic**: Functions like `getAmountToReachTargetLeverage()` calculate optimal asset allocations, which can be used to exploit price discrepancies while maintaining desired leverage ratios.\n\n3. **DEX Interactions**: The `SimpleDEXMock` implementation demonstrates how the protocol interacts with exchanges, allowing for cross-market trades when price differences exist.\n\n4. **Oracle Price Feeds**: The protocol uses price feeds (like Redstone and Chainlink) to detect price differences between different sources, which is essential for identifying arbitrage opportunities.\n\nArbitrage plays a crucial role in maintaining market efficiency and price equilibrium across the protocol's various pools and connected exchanges. It's also fundamental to certain yield-generating strategies in dTRINITY that rely on these price alignments for optimal returns."
  },
  {
    "terms": [
      "Slippage"
    ],
    "definition": "# Slippage\n\nSlippage in DeFi applications refers to the difference between the expected price or amount in a transaction and the actual execution result. In the dTRINITY codebase, slippage protection is implemented through several mechanisms:\n\n1. **User-defined minimum outputs**: When redeeming tokens or providing liquidity, users specify a minimum acceptable amount. If the actual output falls below this threshold due to market movements, the transaction reverts with errors like `SlippageTooHigh` or `SlippageCheckFailed`.\n\n2. **Percentage-based calculations**: Slippage is typically measured in basis points (BPS), where 10000 BPS equals 100%. The code applies slippage by calculating: \n   ```solidity\n   slippedAmount = (amount * (ONE_HUNDRED_PERCENT_BPS - slippageBps)) / ONE_HUNDRED_PERCENT_BPS;\n   ```\n\n3. **Configurable tolerance limits**: Contracts may have protocol-wide slippage tolerances that can be adjusted by administrators:\n   ```solidity\n   function setMaxSlippage(uint256 _newTolerance) external onlyOwner\n   ```\n\nSlippage handling is crucial for protecting users from unexpected losses due to volatility, delayed transactions, or low liquidity conditions. The contracts are designed to fail safely rather than execute trades at unfavorable rates."
  },
  {
    "terms": [
      "Spread"
    ],
    "definition": "# Spread\n\nIn decentralized exchanges, \"Spread\" refers to the distribution of large trading orders over time, typically implemented through mechanisms like Time-Weighted Average Market Makers (TWAMM). Rather than executing a large order all at once—which would cause significant price impact—the order is broken into smaller pieces and executed gradually.\n\nThis technique helps:\n- Minimize price slippage for large trades\n- Prevent market manipulation\n- Maintain liquidity balance\n- Reduce volatility caused by whale movements\n\nBy spreading execution across multiple time intervals, traders can achieve better average prices while markets maintain stability. This is particularly important in DeFi environments where liquidity may be more constrained than in traditional markets."
  },
  {
    "terms": [
      "Order Book"
    ],
    "definition": "# Order Book\n\nIn the context of decentralized exchanges like dTRINITY, an Order Book is a hybrid trading mechanism that combines traditional Automated Market Maker (AMM) functionality with a Central Limit Order Book (CLOB). This on-chain system maintains a transparent record of all active buy (bid) and sell (ask) orders for trading pairs, including their prices and quantities.\n\nUnlike pure AMM systems that rely solely on liquidity pools and mathematical formulas to determine prices, Order Books allow traders to place limit orders that execute only at specific prices. The implementation typically uses customizable hooks or external contracts that execute developer-defined logic at key points in a trading pool's operation.\n\nKey features of Order Books in decentralized exchanges include:\n\n- On-chain limit orders with specific execution prices\n- Dynamic fee structures that adapt to market conditions\n- MEV (Miner Extractable Value) protection for liquidity providers\n- Custom oracle implementations for price discovery\n- Improved capital efficiency compared to pure AMM models\n\nThis hybrid approach provides traders with more sophisticated tools while maintaining the decentralized, non-custodial nature of the protocol, as users retain control of their assets until trades execute."
  },
  {
    "terms": [
      "Market Depth"
    ],
    "definition": "# Market Depth\n\nMarket depth refers to the amount of liquidity available at different price levels in a trading market or liquidity pool. In decentralized exchanges like dTRINITY, it represents how much of an asset can be bought or sold at or near the current market price without causing significant price movement.\n\nHigh market depth indicates robust liquidity, allowing larger trades to execute with minimal slippage. Conversely, low market depth means even modest trading volumes can cause substantial price fluctuations.\n\nIn the dTRINITY codebase, market depth is implicitly handled through:\n\n1. **Price Oracle Integrations**: The system uses price feeds from multiple sources (API3, Redstone, Chainlink) with specific decimal precision to ensure accurate asset valuation.\n\n2. **Liquidity Pools**: The depth of these pools determines how well the protocol can absorb trades at various price points.\n\n3. **Threshold Monitoring**: As seen in the composite wrapper implementations, the system monitors price deviations across oracles, which relates to ensuring reliable market depth data.\n\nMarket depth is a critical metric for traders evaluating execution quality and for protocols managing systemic risk in decentralized finance ecosystems."
  },
  {
    "terms": [
      "Limit Order"
    ],
    "definition": "# Limit Order\n\nIn decentralized exchanges (DEXs), a Limit Order is a mechanism that allows users to specify the price at which they want to buy or sell an asset, with the transaction executing automatically when the market price reaches their target.\n\nUnlike traditional exchanges where limit orders are stored in an order book, DEXs typically implement limit orders through range orders or single-sided liquidity provision. Users deposit one token into a liquidity pool with a specified price range, and when the market price enters that range, their deposited token is automatically converted to the other token.\n\nThis approach offers several advantages:\n- Automatic execution when price conditions are met\n- Potential to earn trading fees while waiting for execution\n- No need for constant market monitoring\n- Gas-efficient as the order exists as on-chain liquidity rather than requiring separate order matching\n\nBehind the scenes, protocols calculate the exact amount of tokens needed to achieve target positions based on current market conditions, with precision tolerances to account for small price fluctuations."
  },
  {
    "terms": [
      "Stop-Loss Order"
    ],
    "definition": "# Stop-Loss Order\n\nA Stop-Loss Order in decentralized finance systems like dTRINITY is an automated risk management mechanism that executes a sell order when an asset's price drops to or below a predetermined threshold. The system uses oracle price feeds (as seen in files like `RedstoneChainlinkCompositeWrapperWithThresholding.ts` and `API3CompositeWrapperWithThresholding.ts`) to monitor market conditions and trigger the stop-loss when thresholds are breached.\n\nUnlike traditional exchanges where stop-losses are executed by centralized parties, DeFi stop-loss orders are executed entirely on-chain through smart contracts. The code sets thresholds (such as `lowerThreshold1 = 0.99` and `lowerThreshold2 = 0.98`) which, when crossed, automatically liquidate positions to prevent further losses.\n\nThese orders enhance risk management by allowing traders to define their maximum acceptable loss ahead of time, with execution guaranteed by the immutable logic of the protocol rather than relying on manual intervention or third-party services."
  },
  {
    "terms": [
      "Maker Fee"
    ],
    "definition": "# Maker Fee\n\nIn the dTRINITY protocol context, a \"Maker Fee\" represents a fee structure applied to liquidity providers rather than using the traditional centralized exchange maker/taker model. The codebase implements various fee mechanisms through contracts like `SupportsWithdrawalFee.sol`, where fees are typically:\n\n1. Expressed in basis points (bps)\n2. Subject to maximum caps (e.g., `MAX_WITHDRAWAL_FEE_BPS`)\n3. Configurable by administrators with the `FEE_MANAGER_ROLE`\n\nUnlike centralized exchanges, dTRINITY follows the DeFi paradigm where liquidity providers earn fees proportional to their contribution to the pool. These fees are collected during withdrawals, redemptions, or swaps (as seen in `MockCurveStableSwapNG.sol` with its `fee` parameter), and can be adjusted through governance mechanisms to balance protocol revenue with user incentives."
  },
  {
    "terms": [
      "Taker Fee"
    ],
    "definition": "# Taker Fee\n\nA fee charged by decentralized exchanges when a user takes liquidity from the market rather than providing it. In the dTRINITY protocol, taker fees are deducted when users perform actions like token swaps, stablecoin redemptions, or withdrawals that consume existing liquidity. These fees are separate from standard protocol fees and can be configured with different rates (measured in basis points) for different actions. For example, the code shows configurable redemption fees (`defaultRedemptionFeeBps`) and withdrawal fees (limited by `MAX_WITHDRAWAL_FEE_BPS`). Taker fees help incentivize liquidity provision, compensate the protocol or specific fee receivers, and maintain economic balance in the system."
  },
  {
    "terms": [
      "Margin Trading"
    ],
    "definition": "# Margin Trading\n\nMargin trading in the dTRINITY protocol refers to the practice of borrowing assets against deposited collateral to amplify trading positions beyond what would be possible with only the user's initial capital. The protocol implements this through a system of collateralization, health factors, and liquidation thresholds.\n\nIn the codebase, margin trading is evident through:\n\n1. **Collateral Requirements** - Users must deposit assets as collateral before borrowing (`COLLATERAL_BALANCE_IS_ZERO` error checks).\n\n2. **Leverage Calculations** - The test files show explicit leverage calculations, with positions reaching 257-282% of the initial deposit:\n   ```typescript\n   // From test/dloop/DLoopCoreMock/deposit-test.ts\n   {\n     user: user1,\n     amount: ethers.parseEther(\"75\"),\n     collateralPrice: ethers.parseEther(\"1.25\"),\n     debtPrice: ethers.parseEther(\"0.85\"),\n     expectedTotalAssets: ethers.parseEther(\"75\"),\n     expectedLeverage: 282.353 * ONE_PERCENT_BPS, // ~282% leverage\n   }\n   ```\n\n3. **Health Factor Monitoring** - The protocol actively tracks position health to prevent insolvency:\n   ```solidity\n   // From contracts/dlend/core/protocol/libraries/logic/ValidationLogic.sol\n   require(\n       vars.healthFactor > HEALTH_FACTOR_LIQUIDATION_THRESHOLD,\n       Errors.HEALTH_FACTOR_LOWER_THAN_LIQUIDATION_THRESHOLD\n   );\n   ```\n\n4. **Liquidation Protection** - When collateral value falls below required thresholds, positions can be liquidated to protect the protocol.\n\nThis mechanism allows traders to potentially increase their returns by using borrowed funds to take larger positions, while simultaneously increasing risk exposure as losses are also magnified."
  },
  {
    "terms": [
      "Leverage"
    ],
    "definition": "# Leverage\n\nIn the dTRINITY protocol, \"leverage\" refers to the financial ratio that quantifies the relationship between a vault's total collateral value and its net equity (collateral minus debt). Mathematically defined as:\n\n```\nLeverage (BPS) = (Total Collateral × 10,000) ÷ (Total Collateral - Total Debt)\n```\n\nLeverage represents the degree to which a position is amplified beyond the user's actual capital. For example, a 300% leverage (3x) means that for every $1 of net equity, the position controls $3 of assets. The protocol actively manages leverage through rebalancing functions that can:\n\n- Increase leverage by borrowing additional assets when below target\n- Decrease leverage by repaying debt when above target\n- Maintain a target leverage (commonly 300%) for optimal risk/return profile\n\nLeverage is central to strategies like yield looping, where users can amplify returns by recursively borrowing against their collateral. The code enforces constraints to prevent positions from becoming overleveraged, and includes various safety mechanisms to maintain leverage within acceptable parameters during market fluctuations."
  },
  {
    "terms": [
      "Hedging"
    ],
    "definition": "# Hedging\n\nHedging in decentralized finance protocols like dTRINITY refers to risk management strategies that protect liquidity providers and protocol participants from adverse market movements. At its core, hedging involves dynamically managing leverage ratios to maintain optimal risk exposure.\n\nIn the dTRINITY system, hedging is implemented through automated rebalancing mechanisms that calculate and execute the precise amount of collateral or debt adjustment needed to maintain a target leverage ratio. The code in `test/dloop/DLoopCoreMock/rebalance-calculation-test.ts` reveals how this works:\n\n```typescript\n// Calculate amount needed to reach target leverage\nconst [tokenAmount, direction] = await dloopMock.getAmountToReachTargetLeverage(useVaultTokenBalance);\n```\n\nThis mechanism intelligently:\n\n1. Compares current leverage to target leverage (typically 300% in the examples)\n2. Determines if leverage needs to increase (direction = 1) or decrease (direction = -1)\n3. Calculates exact token amounts needed for the adjustment\n4. Accounts for existing vault balances that can offset rebalancing needs\n5. Factors in protocol subsidies that affect risk calculations\n\nThe purpose of this hedging approach is two-fold: it protects users from excessive risk during market volatility while optimizing capital efficiency to maximize yields and protocol stability. By maintaining leverage within predefined parameters, the system creates a self-balancing ecosystem that's resistant to market shocks."
  },
  {
    "terms": [
      "Swap"
    ],
    "definition": "# Swap\n\nA swap in the dTRINITY ecosystem is a fundamental operation that exchanges one token for another through liquidity pools rather than an order book. The core implementation is defined in router interfaces like `IOdosRouterV2`, which exposes functions such as `swap()`, `swapPermit2()`, and `swapMultiCompact()`.\n\nThe operation typically takes a `swapTokenInfo` structure containing:\n- Input token address and amount\n- Output token address and expected amount\n- Minimum output amount (slippage protection)\n- Recipient addresses for both tokens\n\nIn practice, swaps are used both directly by users and programmatically within the protocol's adapters. For example, in the `OdosLiquiditySwapAdapter` and `CurveLiquiditySwapAdapter`, the `_swapAndDeposit()` function:\n1. Pulls and withdraws collateral tokens\n2. Swaps them for a new collateral asset via DEX integrations\n3. Deposits the received tokens back into the protocol\n\nSwaps are essential for users to move between different assets, for liquidation bots to convert seized collateral, and for the protocol to rebalance positions across different pools and markets."
  },
  {
    "terms": [
      "Futures"
    ],
    "definition": "# Futures\n\nIn the context of the dTRINITY protocol, \"Futures\" are not explicitly implemented as a core feature. Futures contracts would typically represent agreements to buy or sell assets at predetermined prices at specified times in the future, but the dTRINITY system appears focused on spot trading, stablecoin issuance, and lending functionality rather than derivatives trading.\n\nThe codebase contains extensive price oracle integrations (RedstoneChainlinkCompositeWrapperWithThresholding, API3CompositeWrapperWithThresholding) which handle price data with standard decimals formatting, but these are likely used for collateral valuation in lending markets rather than for settling futures contracts.\n\nThe lending system does support different interest rate modes (variable and stable) as seen in the ValidationLogic.sol, but this represents different borrowing strategies rather than futures contracts.\n\nIf the term \"Futures\" appears in documentation, it likely refers to a conceptual possibility or planned feature rather than a current implementation in the core protocol."
  },
  {
    "terms": [
      "Options"
    ],
    "definition": "# Options\n\nIn decentralized exchanges and protocols, **Options** are configurable parameters or settings that allow users and developers to customize their interactions with the system. These parameters serve as control mechanisms for various protocol operations, providing flexibility and precision in executing trades and managing positions.\n\nOptions typically include:\n\n- **Swap Parameters**: Settings such as slippage tolerance (in basis points), maximum/minimum amounts, and deadlines that protect users from unfavorable execution.\n\n- **Interest Rate Modes**: Configurations that determine how interest accrues on lending positions (e.g., STABLE, VARIABLE).\n\n- **Rounding Options**: Controls for how mathematical operations handle decimal precision (UP or DOWN), critical for maintaining accuracy in financial calculations.\n\n- **Transaction Execution Parameters**: Settings that govern how transactions are processed, including gas optimization, batch processing, and retry mechanisms.\n\n- **Protocol-Specific Controls**: Custom settings for specialized features like leverage targets, subsidy rates, and rebalancing thresholds.\n\nThese options give users greater control over their DeFi activities, allowing them to manage risk, optimize for efficiency, and implement sophisticated strategies while interacting with the protocol."
  },
  {
    "terms": [
      "Derivatives"
    ],
    "definition": "# Derivatives\n\nIn the context of dTRINITY, derivatives refer to financial instruments whose value is derived from underlying assets (collateral and debt tokens). The codebase implements foundational mechanisms for derivative-like products through leverage management and position rebalancing.\n\nCore to this implementation is the ability to programmatically maintain target leverage ratios (e.g., 300%) by calculating precise amounts of collateral or debt to add/remove. Functions like `getAmountToReachTargetLeverage` enable synthetic exposure similar to leveraged tokens, without users needing to manage complex trading strategies themselves.\n\nThe protocol's subsidy mechanisms and interest rate modes further enhance its capabilities as a platform for creating derivative-like exposures. While not directly implementing traditional derivatives (options, futures), dTRINITY provides the building blocks that enable synthetic positions with specific risk and return characteristics.\n\nThese mechanisms allow users to gain magnified exposure to price movements of the underlying collateral assets while maintaining protocol-defined risk parameters."
  },
  {
    "terms": [
      "Stablecoin"
    ],
    "definition": "# Stablecoin\n\nA cryptocurrency designed to maintain a stable value by pegging to an asset like the US dollar. In the dTRINITY protocol, stablecoins are implemented as ERC20 tokens that can be allocated, redeemed, and deallocated throughout the ecosystem. The codebase shows stablecoins being used in multiple contexts:\n\n- As reserve assets in lending protocols\n- For liquidity provision in various pools \n- As the basis for interest rate strategies\n- In reward distribution mechanisms\n\nThe protocol includes its own stablecoin implementation (`ERC20StablecoinUpgradeable`) and interacts with existing stablecoins. Stablecoins provide price stability in an otherwise volatile cryptocurrency environment, making them critical infrastructure for reliable lending, borrowing, and trading activities within decentralized finance systems."
  },
  {
    "terms": [
      "Collateral"
    ],
    "definition": "# Collateral\n\nIn DeFi protocols like dTRINITY, collateral refers to assets that users deposit to secure their positions when borrowing, lending, or minting stablecoins. These assets (such as USDC, FRAX, or yield-bearing tokens like sFRAX) serve as security that can be liquidated if a user's position becomes under-collateralized. The protocol tracks collateral values in real-time and enforces minimum collateralization ratios to maintain system solvency. When a user's collateral value falls below defined thresholds, liquidation mechanisms automatically trigger, selling the collateral to cover outstanding debt and applying liquidation penalties. This system creates a self-securing financial ecosystem where all loans and minted assets are backed by sufficient collateral value."
  },
  {
    "terms": [
      "Yield Farming"
    ],
    "definition": "# Yield Farming\n\nYield farming in DeFi protocols like dTRINITY refers to the strategy of depositing or staking crypto assets into smart contracts to generate additional returns beyond basic transaction fees. \n\nIn the dTRINITY ecosystem, users can deposit \"yield-bearing collaterals\" into vaults, as shown in the `AmoManager-ecosystem.ts` file:\n\n```typescript\n// From test/dstable/AmoManager-ecosystem.ts\n// Approve and deposit yield-bearing collateral\nawait yieldBearingCollateralContract.approve(\n  await mockAmoVaultContract.getAddress(),\n  yieldBearingCollateralAmount\n);\nawait mockAmoVaultContract.deposit(\n  yieldBearingCollateralAmount,\n  yieldBearingCollateralInfo.address\n);\n```\n\nThe system's architecture includes dedicated components for managing rewards and incentives, evidenced by dependencies in deployment files such as:\n\n```typescript\n// From deploy/08_dstake/04_dlend_rewards.ts\nfunc.dependencies = [\n  // ... other dependencies\n  INCENTIVES_PROXY_ID,\n  EMISSION_MANAGER_ID,\n];\n```\n\nThese mechanisms allow users to earn additional tokens or interest based on their contribution amount and duration in the pool, creating a form of \"passive income\" for liquidity providers. The protocol benefits from this arrangement by maintaining deeper liquidity pools while users receive rewards proportional to their participation."
  },
  {
    "terms": [
      "Staking"
    ],
    "definition": "# Staking\n\nIn the dTRINITY protocol, staking refers to the process where users deposit tokens (typically liquidity provider tokens) into specialized smart contracts to earn rewards. The core functionality is defined in the `IStakedToken` interface, which enables users to:\n\n1. `stake()` tokens to lock them in the contract\n2. `redeem()` tokens when they wish to withdraw\n3. `cooldown()` before withdrawal (a safety mechanism)\n4. `claimRewards()` to collect earned incentives\n\nStaking incentivizes users to provide and maintain liquidity for the dTRINITY ecosystem, particularly for its lending services and stablecoin operations. The rewards are typically calculated based on the amount staked and duration. The implementation uses upgradeable proxy contracts like `DStakeToken` that interact with collateral vaults and reward controllers to manage the staking process and distribute rewards efficiently."
  },
  {
    "terms": [
      "APR (Annual Percentage Rate)",
      "APR",
      "Annual Percentage Rate"
    ],
    "definition": "# APR (Annual Percentage Rate)\n\nIn the context of DeFi lending protocols like dTRINITY, APR represents the annualized interest rate that applies to lending or borrowing activities. The codebase doesn't directly reference \"APR\" as a variable, but implements it through various interest rate parameters.\n\nLooking at the rate strategy configuration:\n\n```typescript\n// config/dlend/interest-rate-strategies.ts\nexport const rateStrategyHighLiquidityVolatile: IInterestRateStrategyParams = {\n  optimalUsageRatio: ethers.parseUnits(\"0.5\", 27).toString(), // The \"kink\" in the curve\n  baseVariableBorrowRate: \"0\",\n  variableRateSlope1: ethers.parseUnits(\"0.03\", 27).toString(), // Borrow APR at the kink\n  variableRateSlope2: ethers.parseUnits(\"1.97\", 27).toString(), // Added borrow APR from kink to 100%\n  // ... other parameters\n};\n```\n\nThese parameters define how interest rates scale with pool utilization. The protocol calculates the maximum variable borrow rate (effectively the maximum APR) by summing these components:\n\n```solidity\n// contracts/dlend/core/protocol/pool/DefaultReserveInterestRateStrategy.sol\nfunction getMaxVariableBorrowRate() external view override returns (uint256) {\n    return _baseVariableBorrowRate + _variableRateSlope1 + _variableRateSlope2;\n}\n```\n\nThe protocol supports different interest rate modes as shown in multiple files:\n\n```solidity\nenum InterestRateMode {\n    NONE,\n    STABLE,\n    VARIABLE\n}\n```\n\nAPR in this system is dynamic and changes based on pool utilization, making it a key metric for users to evaluate potential returns (for lenders) or costs (for borrowers) on an annualized basis."
  },
  {
    "terms": [
      "APY (Annual Percentage Yield)",
      "APY",
      "Annual Percentage Yield"
    ],
    "definition": "# APY (Annual Percentage Yield)\n\nAnnual Percentage Yield in the dTRINITY protocol represents the annualized rate of return that users earn on their deposited assets, accounting for compounding effects. Unlike simple interest, APY reflects the true growth rate when interest is continuously reinvested.\n\nThe protocol implements two main interest calculation mechanisms:\n\n1. **Compound Interest** - Uses a Taylor series approximation for accurate continuous compounding:\n\n```solidity\n// From MathUtils.sol\nfunction calculateCompoundedInterest(\n    uint256 rate,\n    uint40 lastUpdateTimestamp,\n    uint256 currentTimestamp\n) internal pure returns (uint256) {\n    uint256 exp = currentTimestamp - uint256(lastUpdateTimestamp);\n    // ...calculation with second and third order terms...\n    return WadRayMath.RAY + (rate * exp) / SECONDS_PER_YEAR + secondTerm + thirdTerm;\n}\n```\n\n2. **Linear Interest** - Applied for simpler calculations:\n\n```solidity\n// From MathUtils.sol\nfunction calculateLinearInterest(\n    uint256 rate,\n    uint40 lastUpdateTimestamp\n) internal view returns (uint256) {\n    uint256 result = rate * (block.timestamp - uint256(lastUpdateTimestamp));\n    result = result / SECONDS_PER_YEAR;\n    return WadRayMath.RAY + result;\n}\n```\n\nAPY is dynamic and affected by:\n- The selected interest rate mode (STABLE or VARIABLE)\n- Market utilization rates\n- Protocol rewards distributions\n- Time elapsed since last update\n\nAs demonstrated in the test files, assets in static tokens can increase in value over time while share balances remain unchanged, which is how APY materializes for users without requiring additional transactions."
  },
  {
    "terms": [
      "Gas Fee"
    ],
    "definition": "# Gas Fee\n\nGas fees are transaction costs paid by users to execute operations on a blockchain network. Just as a car needs gas to run, blockchain transactions need \"gas\" to be processed. These fees compensate validators/miners for the computational resources they provide and help prevent spam on the network.\n\nIn the dTRINITY protocol context, gas fees are distinct from protocol-specific fees (like withdrawal or redemption fees). While protocol fees are controlled by the dTRINITY governance and expressed in basis points (bps), gas fees are determined by network congestion and paid in the native cryptocurrency of the blockchain.\n\nThe codebase shows multiple gas-related considerations:\n- Gas estimation: `gasEstimate`, `dataGasEstimate`, and `gweiPerGas` in `QuoteResponse` interface\n- Gas optimization: `MaxGasForMatching` struct defining gas limits for different operations\n\nGas fees are a critical design consideration for DeFi protocols like dTRINITY. They affect user experience and economic viability, especially for smaller transactions where gas costs might outweigh the transaction value itself. This is one reason why many DeFi protocols deploy to Layer 2 networks, which typically offer lower gas fees than mainnet Ethereum."
  },
  {
    "terms": [
      "Smart Contract"
    ],
    "definition": "# Smart Contract\n\nA smart contract is a self-executing computer program stored on a blockchain that automatically enforces predefined rules and agreements without requiring intermediaries. Smart contracts contain code that executes exactly as written when specific conditions are met, enabling trustless interactions between parties.\n\nIn the context of decentralized finance (DeFi) platforms like dTRINITY, smart contracts form the backbone of the system, implementing critical functionality such as:\n\n- Automated token exchanges and liquidity pool management\n- Lending and borrowing mechanisms with interest calculations\n- Collateral management and liquidation processes\n- Governance and incentive distribution\n\nSmart contracts are typically written in specialized languages like Solidity (for Ethereum and compatible chains) and are immutable once deployed, meaning their code cannot be changed unless specific upgrade mechanisms were included in their design. This immutability provides security guarantees but also necessitates careful auditing before deployment.\n\nThe value proposition of smart contracts lies in their ability to create trustless, transparent, and efficient financial systems by replacing traditional intermediaries with deterministic code that anyone can verify."
  },
  {
    "terms": [
      "DeFi"
    ],
    "definition": "# DeFi\n\nDecentralized Finance (DeFi) refers to a blockchain-based financial ecosystem that recreates and enhances traditional financial services without relying on centralized intermediaries. In the context of systems like dTRINITY, DeFi consists of interconnected smart contracts that enable lending, borrowing, trading, and yield generation through components such as:\n\n- **Lending protocols** (seen in `dlend-core`, `dlend-market`)\n- **Collateral management systems** (`DS_COLLATERAL_VAULT_CONTRACT_ID`)\n- **Liquidity pools and automated market makers** (referenced in `AmoManager`)\n- **Price oracles** (`USD_ORACLE_AGGREGATOR_ID`, `S_ORACLE_AGGREGATOR_ID`)\n- **Staking mechanisms** (`dStakeCore`, `dStakeAdapters`)\n- **Incentive structures** (`INCENTIVES_PROXY_ID`, `EMISSION_MANAGER_ID`)\n\nDeFi's key principles include non-custodial control (users retain ownership of assets), permissionless access (anyone with a wallet can participate), transparency (open-source code), and composability (protocols can be combined to create new financial products). The ecosystem operates through tokenized assets, liquidity provision, and algorithmic interest rates, all secured and executed by blockchain technology rather than traditional financial institutions."
  },
  {
    "terms": [
      "CeFi"
    ],
    "definition": "# CeFi\n\nCentralized Finance (CeFi) refers to cryptocurrency financial services managed by centralized entities that act as trusted intermediaries. In contrast to DeFi (Decentralized Finance), CeFi platforms maintain custody of user funds, control transaction execution, and typically comply with regulatory requirements.\n\nIn the dTRINITY codebase, we can see references to both CeFi and DeFi concepts. For example, in `contracts/dlend/core/misc/AaveProtocolDataProvider.sol`, there's a `getDebtCeiling` function that queries debt limits - a concept found in both financial paradigms. While dTRINITY itself implements DeFi protocols (evidenced by its smart contracts for lending, stablecoin issuance, and collateral management), the presence of oracles, collateral vaults, and liquidation bots shows the hybrid nature of modern crypto finance, where DeFi projects often interface with or draw inspiration from CeFi systems.\n\nCeFi platforms provide user-friendly interfaces and familiar features like customer support, password recovery, and fiat on/off-ramps, but require users to trust the platform with both assets and personal information. This represents a fundamentally different security and trust model than the trustless, code-is-law approach of DeFi systems like dTRINITY."
  },
  {
    "terms": [
      "DAO"
    ],
    "definition": "# DAO\n\nA Decentralized Autonomous Organization (DAO) is a blockchain-based governance structure where decision-making authority is distributed among token holders rather than concentrated in a traditional hierarchical organization. In the context of dTRINITY, the DAO represents the governance layer that allows token holders to collectively manage the protocol by voting on proposals for changes, upgrades, and resource allocation.\n\nThe core characteristics of a DAO include:\n\n1. **Decentralized Governance**: Rules and decisions are executed through smart contracts based on community voting rather than central authority\n2. **Token-Based Voting**: Governance power is typically proportional to token holdings\n3. **Transparent Operations**: All proposals, votes, and actions are recorded on-chain, visible to all participants\n4. **Autonomous Execution**: Once approved, proposals are automatically implemented through smart contracts\n\nDAOs fundamentally shift organizational control from centralized management to distributed stakeholders, enabling more democratic protocol governance while maintaining operational efficiency through automated execution."
  },
  {
    "terms": [
      "Liquidity Mining"
    ],
    "definition": "# Liquidity Mining\n\nLiquidity mining is an incentive mechanism where users provide assets to a protocol's liquidity pools and receive rewards in return. In dTRINITY, this is implemented through the `StaticATokenLM` contract, which allows users to deposit assets and earn rewards based on their contribution size and duration. The system tracks each user's rewards through per-token reward indices, which are updated whenever users deposit, withdraw, or transfer tokens. Users can claim their accumulated rewards through functions like `claimRewards` and `claimRewardsToSelf`. The reward distribution rate is configurable, with test files showing emissions in the range of 2-4 ETH per period. This mechanism incentivizes users to provide liquidity to the protocol, enhancing market depth and trading efficiency while distributing protocol tokens to active participants."
  },
  {
    "terms": [
      "Protocol Fee"
    ],
    "definition": "# Protocol Fee\n\nA protocol fee is a percentage of transaction value collected by a decentralized protocol from specific operations. In dTRINITY, these fees appear in several forms:\n\n1. **Bridge Protocol Fee**: A configurable fee for cross-chain operations, managed by pool administrators and capped at the percentage factor limit.\n\n2. **Liquidation Protocol Fee**: A per-asset fee collected during liquidation events, transferred to the protocol treasury, and configurable by risk or pool administrators.\n\n3. **Flashloan Premium**: A portion of flashloan fees directed to the protocol rather than liquidity providers.\n\nProtocol fees serve multiple purposes: generating revenue for protocol development and maintenance, aligning incentives between users and governance token holders, and ensuring long-term sustainability. These fees are typically managed through governance mechanisms, with strict upper bounds to prevent excessive charges, and collected in the native tokens of the relevant pools."
  },
  {
    "terms": [
      "ERC20"
    ],
    "definition": "# ERC20\n\nERC20 is a technical standard for fungible tokens on the Ethereum blockchain, defining a common interface that ensures tokens can interact consistently with applications, exchanges, and wallets. The standard specifies six mandatory functions (`totalSupply`, `balanceOf`, `transfer`, `transferFrom`, `approve`, and `allowance`) and two events (`Transfer` and `Approval`).\n\nIn the codebase, ERC20 is referenced in multiple ways:\n- As base contracts that implementations inherit from (`contracts/vaults/atoken_wrapper/ERC20.sol`)\n- Through interface calls like `ERC20(token).totalSupply()`\n- Via safety wrappers like `SafeERC20` that handle potential failed operations\n- In testing to verify proper token behavior\n\nERC20 tokens are fundamental building blocks in DeFi applications, allowing for operations like:\n- Transferring tokens between addresses\n- Delegating spending authority through approvals\n- Checking balances and allowances\n- Supporting token standards across different applications\n\nThis standardization creates interoperability that enables tokens to be used across the entire Ethereum ecosystem without custom integration work for each token."
  },
  {
    "terms": [
      "ERC1155"
    ],
    "definition": "# ERC1155\n\nA token standard on Ethereum that allows a single smart contract to manage multiple token types simultaneously, combining the functionality of both fungible (ERC20) and non-fungible (ERC721) tokens. ERC1155 introduces batch operations that enable transferring multiple token types in a single transaction, significantly reducing gas costs compared to using separate contracts. This standard is particularly valuable for applications like gaming, NFT collections, and DeFi platforms where managing diverse assets efficiently is essential. The flexibility of ERC1155 comes from its ID-based approach, where each token type is uniquely identified by an ID within the contract, allowing developers to define custom behavior for each token type while sharing core functionality."
  },
  {
    "terms": [
      "ERC6909"
    ],
    "definition": "# ERC6909\n\nERC6909 is a gas-optimized Ethereum token standard for managing multiple fungible tokens within a single smart contract. Unlike ERC20 (which handles a single token per contract) or ERC1155 (which includes complex NFT functionality), ERC6909 provides a streamlined interface specifically for fungible tokens with multiple IDs.\n\nKey features include:\n- Multi-token support with unique token IDs in one contract\n- Operator approval system for third-party transfers\n- Highly gas-efficient storage and operations\n- Minimal interface focused on core token functions\n- Support for batch operations\n\nERC6909 is particularly valuable in DeFi applications, token vaults, or gaming platforms where managing many token types efficiently is critical. By reducing deployment costs and gas fees compared to multiple ERC20 contracts, it enables more cost-effective token interactions while maintaining a simple implementation."
  },
  {
    "terms": [
      "X96"
    ],
    "definition": "# X96\n\nA fixed-point number format used in decentralized finance protocols to represent high-precision numerical values. In the X96 format, a floating-point number is multiplied by 2^96 and stored as an integer. This approach enables precise calculations without using floating-point arithmetic, which isn't natively supported in blockchain environments like the Ethereum Virtual Machine.\n\nThe X96 format is particularly important in automated market makers like Uniswap V3, where it's used to represent the square root of price ratios between tokens in liquidity pools (`sqrtPriceX96`). This representation allows for efficient mathematical operations when calculating swap amounts and managing concentrated liquidity positions.\n\nBy using 96 bits for the fractional component, the X96 format provides extremely high precision for financial calculations while maintaining computational efficiency, as integer arithmetic is faster and more gas-efficient than floating-point operations on blockchains."
  },
  {
    "terms": [
      "Concentrated Liquidity"
    ],
    "definition": "# Concentrated Liquidity\n\nConcentrated liquidity is a liquidity provision mechanism that allows liquidity providers to allocate their capital within specific price ranges rather than distributing it uniformly across the entire price spectrum. In traditional AMMs (Automated Market Makers), liquidity is spread thinly from zero to infinity, whereas concentrated liquidity enables focused capital deployment where it's most effective—typically around the current market price.\n\nWhen providing concentrated liquidity, users specify upper and lower price bounds (often represented as \"ticks\") for their position. Their liquidity is only active and earning trading fees when the market price is within this specified range. If the price moves outside the range, the liquidity becomes inactive until the price returns to the chosen band.\n\nThis mechanism significantly improves capital efficiency as the same amount of liquidity can create deeper markets and reduce slippage in actively traded price ranges. For liquidity providers, this can mean higher returns on their capital, though it requires more active management to reposition liquidity as market conditions change.\n\nWhile pioneered by Uniswap V3, concentrated liquidity has been adopted across many DeFi protocols, including variants found in advanced curve pools, CLMMs (Concentrated Liquidity Market Makers), and sophisticated liquidity management tools that optimize for target parameters such as leverage ratios and yield."
  },
  {
    "terms": [
      "Constant Product Formula"
    ],
    "definition": "# Constant Product Formula\n\nA mathematical formula used in Automated Market Makers (AMMs) expressed as `x * y = k`, where `x` and `y` represent token reserves in a liquidity pool and `k` is a constant. This equation ensures the product of reserves remains unchanged during trades, automatically determining prices and slippage. As users trade (swapping token X for Y), the formula forces the contract to adjust token quantities while maintaining the constant `k`. In dTRINITY's context, this formula powers functions like `exchange()` and `get_dy()`, which calculate exchange rates between tokens. This mechanism enables permissionless trading without traditional order books while providing predictable price impact calculations and maintaining liquidity."
  },
  {
    "terms": [
      "Invariant"
    ],
    "definition": "# Invariant\n\nAn invariant is a condition, rule, or mathematical relationship that must remain true throughout the execution of a program or operation of a system, regardless of its state changes. In the dTRINITY codebase, invariants are critical constraints that ensure the economic soundness and correctness of the protocol.\n\nKey examples include:\n\n1. **System Value Preservation**: The total value in the system (circulating dStable + AmoVault value) must always be greater than or equal to the total collateral value, ensuring that the protocol remains fully backed.\n\n2. **AMO Supply Conservation**: During allocation and deallocation operations, the `AmoManager` enforces that the total AMO supply remains unchanged, as seen in:\n\n```solidity\n// From contracts/dstable/AmoManager.sol\nuint256 endingAmoSupply = totalAmoSupply();\nif (endingAmoSupply != startingAmoSupply) {\n    revert AmoSupplyInvariantViolation(\n        startingAmoSupply,\n        endingAmoSupply\n    );\n}\n```\n\n3. **Accounting Consistency**: The AMO Manager's total supply must equal allocated funds plus the manager's balance.\n\nInvariants serve as guardrails against bugs, economic exploits, and unintended behavior. They are typically verified through automated tests and runtime checks, with violations causing transactions to revert to preserve system integrity."
  },
  {
    "terms": [
      "Mid Price"
    ],
    "definition": "# Mid Price\n\nIn decentralized exchanges and automated market makers (AMMs), the mid price represents the theoretical fair value of one token in terms of another at a specific point in time. It's calculated from the ratio of reserves in a liquidity pool, typically using the geometric mean of prices.\n\nThe mid price is the price at which an infinitesimally small trade would execute without impacting the market - essentially the \"spot price\" without slippage. This differs from the actual execution price users receive for real trades, which includes slippage due to the pool's composition changing as trades occur.\n\nIn the dTRINITY protocol specifically, mid price refers to the oracle-derived fair value price used for critical protocol operations like:\n- Determining collateralization ratios\n- Enabling minting and redemption of stablecoins\n- Calculating liquidation thresholds\n\nThe protocol aggregates prices from multiple oracles (Redstone, Chainlink, API3) with thresholding mechanisms to ensure robustness against manipulation and temporary market distortions."
  },
  {
    "terms": [
      "AMM Protocol",
      "Automated Market Maker",
      "AMM"
    ],
    "definition": "# AMM Protocol\n\nAn Automated Market Maker (AMM) Protocol is a type of decentralized exchange mechanism that uses mathematical formulas to price assets instead of traditional order books. Looking at the code in this repository, we can see implementation of a Curve-style AMM through interfaces like `ICurveStableSwapNG` and functions like `exchange`, which facilitate token swaps.\n\nThe core components evident in this AMM implementation include:\n\n1. **Pool-based trading**: Assets are held in liquidity pools (visible in the `balances` array in `MockCurveStableSwapNG`)\n2. **Algorithmic pricing**: Functions like `get_dy` calculate exchange rates based on pool balances\n3. **Direct token swaps**: The `exchange` functions enable trading one token for another without intermediaries\n4. **Virtual price tracking**: `get_virtual_price()` monitors the overall value of the liquidity pool\n5. **Liquidity management**: Functions to calculate token amounts when adding/removing liquidity\n\nAMMs are fundamental to decentralized finance as they enable permissionless trading and provide continuous liquidity through mathematical models rather than requiring order matching between buyers and sellers."
  },
  {
    "terms": [
      "address(0)"
    ],
    "definition": "# address(0)\n\nThe zero address (`0x0000000000000000000000000000000000000000`) is a special sentinel value in Ethereum and EVM-compatible blockchains. In Solidity, it's typically referenced as `address(0)` or sometimes as `ZeroAddress` in code.\n\nIt serves multiple important purposes:\n\n1. **Validation check**: Smart contracts often verify input addresses aren't zero to prevent accidental token burns or erroneous operations:\n\n   ```solidity\n   function emergencyWithdraw(IERC20 token, uint256 amount, address to) external {\n       if (to == address(0)) {\n           revert ZeroAddress();\n       }\n       token.safeTransfer(to, amount);\n   }\n   ```\n\n2. **Default value**: Uninitialized address variables default to `address(0)`.\n\n3. **Token burning**: Sending tokens to `address(0)` effectively removes them from circulation since no one controls this address.\n\n4. **State indication**: Often used to represent the absence of a valid address or an unset state.\n\n5. **Constructor validation**: Many contracts verify constructor parameters aren't zero addresses:\n\n   ```solidity\n   // Check in constructor\n   if (tokenAddress == address(0)) {\n       revert ZeroAddress();\n   }\n   ```\n\nThis pattern appears throughout Ethereum codebases as a fundamental safety mechanism and state representation technique."
  },
  {
    "terms": [
      "EIP-1153"
    ],
    "definition": "# EIP-1153\n\nEIP-1153 (Ethereum Improvement Proposal 1153) introduces transient storage opcodes to the Ethereum Virtual Machine. This proposal defines two new opcodes, `TSTORE` and `TLOAD`, which allow smart contracts to store and retrieve temporary data that persists only for the duration of a transaction.\n\nUnlike regular storage (using `SSTORE` and `SLOAD`), transient storage is automatically cleared after each transaction completes, making it significantly more gas-efficient for temporary values. This is particularly valuable for cross-contract communication within a single transaction, reentrancy guards, and other patterns requiring ephemeral state.\n\nWhile the code in this repository doesn't explicitly implement EIP-1153 opcodes (as they aren't yet available on all networks), the presence of this reference suggests the codebase may be designed to take advantage of these opcodes when available or is following similar gas optimization principles for temporary data storage."
  },
  {
    "terms": [
      "DEX"
    ],
    "definition": "# DEX\n\nA Decentralized Exchange (DEX) is a peer-to-peer cryptocurrency trading protocol that enables direct token swaps without intermediaries. In the dTRINITY codebase, DEXs are represented as smart contracts that facilitate token exchanges at specified rates with configurable slippage parameters. Unlike centralized exchanges, DEXs allow users to maintain custody of their assets throughout the trading process, executing trades directly from their wallets through on-chain transactions.\n\nThe implementation in dTRINITY demonstrates core DEX functionality including:\n- Setting and querying exchange rates between token pairs\n- Executing swaps with either \"exact input\" or \"exact output\" semantics\n- Applying execution slippage to simulate real-world market conditions\n- Managing token transfers between users and liquidity pools\n\nDEXs represent a fundamental component of the DeFi ecosystem that dTRINITY integrates with, enabling liquidity provision, trading, and complex financial strategies within a trustless, permissionless framework."
  },
  {
    "terms": [
      "ERC721"
    ],
    "definition": "# ERC721\n\nERC721 is a standard interface for non-fungible tokens (NFTs) on the Ethereum blockchain. Unlike fungible tokens (ERC20) where each token is identical, ERC721 tokens are unique and distinguishable from one another through distinct token IDs. The standard defines core functions for creating, owning, and transferring unique digital assets, including `balanceOf`, `ownerOf`, `transferFrom`, `approve`, and `safeTransferFrom`.\n\nIn the dTRINITY codebase, ERC721 is implemented in the `ERC20VestingNFT` contract, where each vesting position is represented as a unique NFT. The contract inherits from both `ERC721` and `ERC721Enumerable`, overriding functions like `_increaseBalance`, `supportsInterface`, and `_update` to provide custom vesting functionality while maintaining standard compliance:\n\n```solidity\nfunction _update(\n    address to,\n    uint256 tokenId,\n    address auth\n) internal override(ERC721, ERC721Enumerable) returns (address) {\n    address from = _ownerOf(tokenId);\n\n    // Allow minting and burning\n    if (from != address(0) && to != address(0)) {\n        // Prevent transfer of matured NFTs\n        if (vestingPositions[tokenId].matured) {\n            revert TransferOfMaturedToken();\n        }\n    }\n\n    return super._update(to, tokenId, auth);\n}\n```\n\nThis implementation allows users to tokenize their vesting positions, trade them before maturity, and benefit from the interoperability with the broader NFT ecosystem, including marketplaces, wallets, and other applications that support the ERC721 standard."
  },
  {
    "terms": [
      "EIP-712"
    ],
    "definition": "# EIP-712\n\nEIP-712 (Ethereum Improvement Proposal 712) is a standard for typed structured data hashing and signing in Ethereum. It enables secure off-chain signing of structured data with human-readable types, making it easier for users to understand what they're signing in their wallets.\n\nIn dTRINITY, EIP-712 is implemented across several contracts for secure signature verification. The standard works by:\n\n1. Defining a domain separator that identifies the application context (contract, chain, version)\n2. Creating structured type definitions for the data being signed\n3. Hashing this data in a standardized way\n4. Verifying signatures through ECDSA recovery\n\nCore implementations include:\n- `EIP712Base` abstract contract that handles domain separation\n- `permit()` functions in token contracts for gasless approvals\n- Nonce tracking to prevent signature replay attacks\n\nThe signature verification typically follows this pattern:\n```solidity\n// Create the EIP-712 digest\nbytes32 digest = keccak256(\n    abi.encodePacked(\n        \"\\x19\\x01\",\n        DOMAIN_SEPARATOR(),\n        keccak256(abi.encode(TYPEHASH, param1, param2, nonce, deadline))\n    )\n);\n// Recover and verify the signer\naddress signer = ecrecover(digest, v, r, s);\nrequire(signer == expectedSigner, \"Invalid signature\");\n```\n\nEIP-712 significantly improves security over basic `eth_sign` by preventing cross-contract signature replay and providing users with clear information about what they're authorizing."
  },
  {
    "terms": [
      "Variant Maps"
    ],
    "definition": "# Variant Maps\n\nA data structure pattern that efficiently packs multiple flags, small integers, or configuration settings into a single integer variable (typically uint256) using bit manipulation. In the dTRINITY codebase, this pattern appears in structures like `ReserveConfigurationMap` and `UserConfigurationMap`, where different bit positions represent specific properties.\n\nFor example, in `ReserveConfigurationMap`, bits 0-15 store the LTV (Loan-to-Value) parameter, bits 56-63 store boolean flags like \"reserve is active\" and \"borrowing is enabled\", and so on. This approach significantly reduces gas costs and storage requirements compared to storing each property separately, as Ethereum charges premiums for storage operations.\n\nThe pattern includes accessor methods that abstract away the bit manipulation complexity, allowing developers to interact with these packed values in a type-safe manner through functions like `getDecimals()` or `getParams()`."
  },
  {
    "terms": [
      "ECDSA"
    ],
    "definition": "# ECDSA\n\nECDSA (Elliptic Curve Digital Signature Algorithm) is a cryptographic algorithm that enables digital signatures for proving message authenticity and integrity. In blockchain systems, it allows verification that a message was signed by the owner of a specific private key without revealing that key.\n\nThe implementation in this codebase (`contracts/vaults/atoken_wrapper/ECDSA.sol`) provides functionality for:\n\n1. **Address Recovery**: Extracts the signer's Ethereum address from a message hash and signature using the `ecrecover` precompile\n2. **Signature Verification**: Confirms that a signature was created by the expected signer\n3. **Malleability Protection**: Prevents signature manipulation by enforcing that:\n   - The `s` value is in the lower half of its valid range\n   - The `v` value is either 27 or 28\n4. **Format Flexibility**: Supports both standard 65-byte signatures and the compact EIP-2098 format\n\nA signature in Ethereum consists of three components:\n- `r`: The first 32 bytes of the signature\n- `s`: The second 32 bytes (must be in lower half of curve to prevent malleability)\n- `v`: A recovery identifier byte (27 or 28)\n\nECDSA functions are essential in protocols requiring transaction authorization, message verification, or meta-transactions where permissions are delegated through signatures rather than direct contract calls."
  },
  {
    "terms": [
      "ERC1271"
    ],
    "definition": "# ERC1271\n\nERC1271 is a standard interface that enables smart contracts to verify signatures. While Externally Owned Accounts (EOAs) naturally support signature verification through their private keys, smart contracts needed a standard way to validate signatures according to their own custom logic.\n\nThe core of ERC1271 is a single function:\n\n```solidity\ninterface IERC1271 {\n    function isValidSignature(bytes32 hash, bytes memory signature) external view returns (bytes4 magicValue);\n}\n```\n\nWhen a contract implements this interface, it can define custom rules for signature validation. If the signature is valid according to the contract's logic, it returns the \"magic value\" `0x1626ba7e`. This enables critical functionality like:\n\n- Smart contract wallets (where a contract controls assets and permissions)\n- Multi-signature schemes (requiring multiple parties to authorize actions)\n- Delegated signing (allowing others to sign on behalf of the contract)\n- Account abstraction (separating authentication from transaction execution)\n\nERC1271 is essential for modern DeFi systems and web3 applications that need to support more sophisticated authentication methods beyond simple EOA signatures, extending signing capabilities to the programmable world of smart contracts."
  },
  {
    "terms": [
      "Application-Specific Sequencing (ASS)",
      "Application-Specific Sequencing",
      "(ASS)"
    ],
    "definition": "# Application-Specific Sequencing (ASS)\n\nApplication-Specific Sequencing is a blockchain architecture pattern where individual applications control the ordering of their own transactions rather than relying on the blockchain's default sequencing mechanisms. In the context of dTRINITY, this approach enables the protocol to define custom rules for transaction processing that optimize for specific DeFi operations like deposits, lending, and redemptions.\n\nThe pattern is evident in how dTRINITY handles sequential operations. Test files like `reentrancy-attack-test.ts` and `deposit-test.ts` verify that transactions execute correctly in sequence, while encoding functions in `L2Encoder.sol` pack transaction parameters in ways that support precise tracking of operations.\n\nASS offers several advantages for DeFi protocols:\n- Protection against front-running and MEV extraction\n- Improved user experience through predictable transaction outcomes\n- More efficient resource utilization by prioritizing critical operations\n- Enhanced security by controlling the exact order of state changes\n\nHowever, it introduces trade-offs with cross-application composability, as the custom sequencing may not align with how other protocols process transactions."
  },
  {
    "terms": [
      "MEV (Maximal Extractable Value)",
      "MEV",
      "Maximal Extractable Value"
    ],
    "definition": "# MEV (Maximal Extractable Value)\n\nMEV refers to the maximum profit that can be extracted from blockchain networks through strategic transaction ordering, insertion, or censorship within blocks. Originally known as \"Miner Extractable Value\" in proof-of-work systems, the term evolved to \"Maximal Extractable Value\" to reflect its relevance across all consensus mechanisms.\n\nIn decentralized finance, MEV often manifests as:\n- **Front-running**: Observing pending transactions and placing similar ones with higher gas to execute first\n- **Back-running**: Placing transactions immediately after known high-impact transactions\n- **Sandwich attacks**: Manipulating asset prices by placing orders before and after a target transaction\n- **Arbitrage**: Exploiting price differences between markets\n\nThe codebase implements specific MEV mitigation strategies:\n\n```solidity\n// contracts/docs/overview.md\n- **Mitigates MEV:**\n    - **For Users:** The network has mechanisms to limit censorship and clears all limit orders in\n    batches at a common uniform price, guaranteeing that all users are treated _fairly_ and cannot\n    easily be extracted from via e.g. sandwich attacks.\n    - **For LPs:** The competition to extract MEV from the underlying AMM is internalized in the\n    form of a \"ToB (Top of Block) Auction\" in which the proceeds are redistributed to the LPs to\n    limit the value leakage from the being AMM being arbitraged.\n```\n\nThese mechanisms transform MEV from an extraction problem into a positive feature that benefits protocol participants rather than external arbitrageurs. By batching transactions and implementing ToB auctions, the protocol ensures fair execution for users and redirects potential MEV profits back to liquidity providers, creating a more equitable trading environment."
  },
  {
    "terms": [
      "Orderbook"
    ],
    "definition": "# OrderBook\n\nAn OrderBook is a fundamental data structure in trading systems that maintains ordered lists of buy (bid) and sell (ask) orders for a specific asset or trading pair. In the dTRINITY system, it consists of:\n\n1. A unique identifier (`PoolId`) that represents a specific market\n2. Two sorted vectors: `bids` (buy orders, typically sorted highest to lowest) and `asks` (sell orders, typically sorted lowest to highest)\n3. An optional Automated Market Maker (AMM) snapshot that allows integration with liquidity pools\n\nThe OrderBook serves as the central repository of market depth information, enabling price discovery and efficient trade matching. Each order within the book contains both trading parameters and metadata needed for storage and retrieval.\n\n```rust\npub struct OrderBook {\n    id:   PoolId,\n    amm:  Option<MarketSnapshot>,\n    bids: Vec<OrderWithStorageData<GroupedVanillaOrder>>,\n    asks: Vec<OrderWithStorageData<GroupedVanillaOrder>>\n}\n```\n\nThe OrderBook is typically constructed using a `BookBuilder` pattern and employs a `SortStrategy` to maintain order priority (usually by price, then by time or volume). It provides methods to access, search, and modify orders, serving as the backbone for the matching engine that pairs compatible buy and sell orders according to predetermined rules."
  },
  {
    "terms": [
      "Top-of-Block (ToB)",
      "Top-of-Block",
      "ToB"
    ],
    "definition": "# Top-of-Block (ToB)\n\nTop-of-Block (ToB) is a specialized order type in blockchain systems designed to execute transactions at the earliest possible position within a newly created block. ToB orders contain critical parameters including asset quantities, gas limits, asset addresses, block number validity constraints, and recipient information. \n\nThese orders are prioritized to execute before any other transactions in the block, providing significant advantages for time-sensitive operations such as arbitrage, liquidations, or high-frequency trading. By securing this privileged position, ToB orders help traders minimize slippage, avoid front-running, and achieve deterministic execution outcomes in volatile market conditions.\n\nIn the dTRINITY protocol, ToB orders are implemented through dedicated buffer mechanisms that validate and queue these prioritized transactions for execution at the beginning of each applicable block, ensuring traders can execute critical operations with maximum efficiency and predictability."
  }
]